<?xml version="1.0" encoding="utf-8"?>
<extension type="plugin" version="2.5" method="upgrade" group="hikashop">
	<name>Hikashop Lunar Status Plugin</name>
	<creationDate>19 April 2022</creationDate>
	<version>1.0.0</version>
	<author>Lunar</author>
	<authorEmail>support@lunar.app</authorEmail>
	<authorUrl>https://lunar.app</authorUrl>
	<copyright>(C) 2022-2022 Lunar. All rights reserved.</copyright>
	<license>http://www.gnu.org/licenses/gpl-2.0.html GNU/GPL</license>
	<description>This plugin enables you to make massactions on orders</description>
	<files>
		<filename plugin="lunarstatus">lunarstatus.php</filename>
	</files>
</extension>
